{"cameraMode":{"drawMode":0,"name":"Shaded","section":"Shading Mode"},"sceneLighting":false,"audioPlay":false,"sceneViewState":{"m_AlwaysRefresh":false,"showFog":true,"showSkybox":false,"showFlares":true,"showImageEffects":true,"showParticleSystems":true,"showVisualEffectGraphs":true,"m_FxEnabled":true},"in2DMode":false,"pivot":{"x":-0.23995137214660645,"y":0.896654486656189,"z":0.10786114633083344},"rotation":{"x":0.10990612953901291,"y":-0.6621062755584717,"z":0.09905202686786652,"w":0.7346609234809876},"size":0.9983177185058594,"orthographic":false}