{"cameraMode":{"drawMode":0,"name":"Shaded","section":"Shading Mode"},"sceneLighting":false,"audioPlay":false,"sceneViewState":{"m_AlwaysRefresh":false,"showFog":true,"showSkybox":true,"showFlares":true,"showImageEffects":true,"showParticleSystems":true,"showVisualEffectGraphs":true,"m_FxEnabled":true},"in2DMode":false,"pivot":{"x":-11.109646797180176,"y":1.3869775533676148,"z":58.38640213012695},"rotation":{"x":-0.0013511020224541426,"y":-0.9882557392120361,"z":0.15330448746681214,"w":-0.010676478035748005},"size":4.974042892456055,"orthographic":false}