{"cameraMode":{"drawMode":0,"name":"Shaded","section":"Shading Mode"},"sceneLighting":false,"audioPlay":false,"sceneViewState":{"m_AlwaysRefresh":false,"showFog":true,"showSkybox":true,"showFlares":true,"showImageEffects":true,"showParticleSystems":true,"showVisualEffectGraphs":true,"m_FxEnabled":false},"in2DMode":false,"pivot":{"x":0.6879122257232666,"y":1.3199753761291505,"z":0.5424184799194336},"rotation":{"x":0.10580197721719742,"y":-0.44764894247055056,"z":0.0534370094537735,"w":0.8863234519958496},"size":1.8133878707885743,"orthographic":false}