{"cameraMode":{"drawMode":0,"name":"Shaded","section":"Shading Mode"},"sceneLighting":false,"audioPlay":false,"sceneViewState":{"m_AlwaysRefresh":false,"showFog":true,"showSkybox":true,"showFlares":true,"showImageEffects":true,"showParticleSystems":true,"showVisualEffectGraphs":true,"m_FxEnabled":true},"in2DMode":false,"pivot":{"x":0.0027527213096618654,"y":0.20288965106010438,"z":0.003718137741088867},"rotation":{"x":0.01927407830953598,"y":0.9706027507781982,"z":-0.08473184704780579,"w":0.22488893568515778},"size":3.3000171184539797,"orthographic":false}