{"cameraMode":{"drawMode":0,"name":"Shaded","section":"Shading Mode"},"sceneLighting":true,"audioPlay":false,"sceneViewState":{"m_AlwaysRefresh":false,"showFog":true,"showSkybox":true,"showFlares":true,"showImageEffects":true,"showParticleSystems":true,"showVisualEffectGraphs":true,"m_FxEnabled":true},"in2DMode":false,"pivot":{"x":-9.640915870666504,"y":1.1716324090957642,"z":33.503440856933597},"rotation":{"x":0.23544661700725556,"y":-0.08036442846059799,"z":0.019499508664011956,"w":0.9683951139450073},"size":0.8660253882408142,"orthographic":false}