{"cameraMode":{"drawMode":0,"name":"Shaded","section":"Shading Mode"},"sceneLighting":false,"audioPlay":false,"sceneViewState":{"m_AlwaysRefresh":false,"showFog":true,"showSkybox":true,"showFlares":true,"showImageEffects":true,"showParticleSystems":true,"showVisualEffectGraphs":true,"m_FxEnabled":true},"in2DMode":false,"pivot":{"x":-9.871501922607422,"y":1.4264304637908936,"z":33.00002670288086},"rotation":{"x":-0.03869183361530304,"y":-0.9526594281196594,"z":0.13757631182670594,"w":-0.26856082677841189},"size":0.5660253763198853,"orthographic":false}