{"cameraMode":{"drawMode":0,"name":"Shaded","section":"Shading Mode"},"sceneLighting":false,"audioPlay":false,"sceneViewState":{"m_AlwaysRefresh":false,"showFog":true,"showSkybox":false,"showFlares":true,"showImageEffects":true,"showParticleSystems":true,"showVisualEffectGraphs":true,"m_FxEnabled":true},"in2DMode":false,"pivot":{"x":0.45140424370765688,"y":0.8573331236839294,"z":0.010276153683662415},"rotation":{"x":0.10509824752807617,"y":-0.704221248626709,"z":0.10625540465116501,"w":0.6942365169525147},"size":1.6269749402999879,"orthographic":false}